"2017-12-01 06:26:32",vk.1504454244364.72918894148683,k6qj26a29pjc7i9cli64tlvn67,"{""format"":""json""}",127.0.0.1
"2017-12-01 06:27:07",vk.1504454244364.72918894148683,k6qj26a29pjc7i9cli64tlvn67,"{""format"":""json"",""q"":""{\"1\":1}""}",127.0.0.1
"2017-12-01 06:27:21",vk.1504454244364.72918894148683,k6qj26a29pjc7i9cli64tlvn67,"{""format"":""json"",""q"":""{\"1\":-1}""}",127.0.0.1
"2017-12-01 06:28:08",vk.1504454244364.72918894148683,k6qj26a29pjc7i9cli64tlvn67,"{""format"":""json"",""q"":""{\"1\":-1,\"2\":1}"",""w"":""{\"1\":true}""}",127.0.0.1
"2017-12-01 06:29:39",vk.1504454244364.72918894148683,k6qj26a29pjc7i9cli64tlvn67,"{""format"":""jso"",""q"":""{\"1\":-1,\"2\":1}"",""w"":""{\"1\":true}""}",127.0.0.1
"2017-12-01 06:30:09",vk.1504454244364.72918894148683,k6qj26a29pjc7i9cli64tlvn67,"{""format"":""jso"",""q"":""{\"1\":-1,\"2\":1}"",""w"":""{\"1\":true}""}",127.0.0.1
"2017-12-01 06:30:23",vk.1504454244364.72918894148683,k6qj26a29pjc7i9cli64tlvn67,"{""format"":""jso"",""q"":""{\"1\":-1,\"2\":1}"",""w"":""{\"2\":true}""}",127.0.0.1
"2017-12-01 06:34:00",vk.1504454244364.72918894148683,k6qj26a29pjc7i9cli64tlvn67,"{""format"":""jso"",""q"":null,""w"":""{\"2\":true}""}",127.0.0.1
"2017-12-01 06:34:25",vk.1504454244364.72918894148683,k6qj26a29pjc7i9cli64tlvn67,"{""format"":""jso"",""q"":null,""w"":""{\"2\":true}""}",127.0.0.1
"2017-12-01 06:34:53",vk.1504454244364.72918894148683,k6qj26a29pjc7i9cli64tlvn67,"{""format"":""jso"",""q"":{""2"":true},""w"":""{\"2\":true}""}",127.0.0.1
"2017-12-01 06:35:45",vk.1504454244364.72918894148683,k6qj26a29pjc7i9cli64tlvn67,"{""format"":""jso"",""q"":{""1"":-1,""2"":1},""w"":{""2"":true}}",127.0.0.1
"2017-12-01 06:36:00",vk.1504454244364.72918894148683,k6qj26a29pjc7i9cli64tlvn67,"{""format"":""json"",""q"":{""1"":-1,""2"":1},""w"":{""2"":true}}",127.0.0.1
"2017-12-01 06:45:25",vk.1504454244364.72918894148683,k6qj26a29pjc7i9cli64tlvn67,"{""format"":""json"",""q"":{""1"":-1,""2"":1},""w"":{""2"":true}}",127.0.0.1
"2017-12-01 06:45:49",vk.1504454244364.72918894148683,k6qj26a29pjc7i9cli64tlvn67,"{""format"":""json"",""q"":{""1"":-1,""2"":1},""w"":{""2"":true}}",127.0.0.1
"2017-12-01 06:49:04",vk.1504454244364.72918894148683,k6qj26a29pjc7i9cli64tlvn67,"{""format"":""json"",""q"":{""1"":-1,""2"":1},""w"":{""2"":true}}",127.0.0.1
"2017-12-01 06:49:26",vk.1504454244364.72918894148683,k6qj26a29pjc7i9cli64tlvn67,"{""format"":""json"",""q"":{""1"":-1,""2"":1},""w"":{""2"":true}}",127.0.0.1
"2017-12-01 07:08:22",vk.1504454244364.72918894148683,k6qj26a29pjc7i9cli64tlvn67,"{""format"":""json"",""q"":[],""w"":[]}",127.0.0.1
"2017-12-01 07:08:43",vk.1504454244364.72918894148683,k6qj26a29pjc7i9cli64tlvn67,"{""format"":""json"",""q"":[],""w"":[]}",127.0.0.1
"2017-12-01 07:09:18",vk.1504454244364.72918894148683,k6qj26a29pjc7i9cli64tlvn67,"{""format"":""json"",""q"":{""1"":-1,""2"":1},""w"":{""2"":true}}",127.0.0.1
"2017-12-01 07:10:18",vk.1504454244364.72918894148683,k6qj26a29pjc7i9cli64tlvn67,"{""format"":""json"",""q"":[],""w"":[]}",127.0.0.1
"2017-12-01 07:37:52",vk.1504454244364.72918894148683,k6qj26a29pjc7i9cli64tlvn67,"{""format"":""json"",""q"":"""",""w"":""""}",127.0.0.1
"2017-12-01 07:38:13",vk.1504454244364.72918894148683,k6qj26a29pjc7i9cli64tlvn67,"{""format"":""json"",""q"":{""1"":-1,""2"":1},""w"":{""2"":true}}",127.0.0.1
"2017-12-01 07:38:33",vk.1504454244364.72918894148683,k6qj26a29pjc7i9cli64tlvn67,"{""format"":""json"",""q"":{""1"":-1,""2"":1},""w"":{""2"":true}}",127.0.0.1
"2017-12-01 07:38:41",vk.1504454244364.72918894148683,k6qj26a29pjc7i9cli64tlvn67,"{""format"":""json"",""q"":{""1"":-1,""2"":1},""w"":{""2"":true}}",127.0.0.1
"2017-12-01 07:39:19",vk.1504454244364.72918894148683,k6qj26a29pjc7i9cli64tlvn67,"{""format"":""json"",""q"":{""1"":-1,""2"":1},""w"":{""2"":true}}",127.0.0.1
"2017-12-01 08:22:51",vk.1504454244364.72918894148683,k6qj26a29pjc7i9cli64tlvn67,"{""format"":""json"",""q"":{""1"":-1,""2"":1},""w"":[]}",127.0.0.1
"2017-12-14 00:35:48",vk.1504454244364.72918894148683,e4ci2v9f6b7utfm8nou2tb3js1,"{""format"":""json"",""q"":{""1"":-1,""2"":1},""w"":{""2"":true}}",127.0.0.1
"2017-12-15 13:02:54",vk.1504454244364.72918894148683,e4ci2v9f6b7utfm8nou2tb3js1,"{""format"":""json"",""q"":{""1"":-1,""2"":1},""w"":{""2"":true}}",127.0.0.1
"2017-12-15 13:04:17",vk.1504454244364.72918894148683,e4ci2v9f6b7utfm8nou2tb3js1,"{""format"":""json"",""q"":{""1"":-1,""2"":1},""w"":{""2"":true}}",127.0.0.1
"2017-12-15 13:06:09",vk.1504454244364.72918894148683,e4ci2v9f6b7utfm8nou2tb3js1,"{""format"":""json"",""q"":{""1"":-1,""2"":1},""w"":{""2"":true}}",127.0.0.1
"2017-12-31 19:34:43",vk.1504454244364.72918894148683,h10965q6r1ikqjfaho7ht8h1d6,"{""format"":""json"",""q"":{""1"":-1,""2"":1},""w"":{""2"":true},""complete"":""1""}",127.0.0.1
"2017-12-31 19:35:19",vk.1504454244364.72918894148683,h10965q6r1ikqjfaho7ht8h1d6,"{""format"":""json"",""q"":{""3"":-1,""4"":1},""w"":{""2"":true},""complete"":""1""}",127.0.0.1
"2018-01-16 06:45:51",vk.1504454244364.72918894148683,9sck10k2qlkud5a95rq6q6mu36,"{""format"":""json"",""q"":{""1"":-1,""2"":1},""w"":{""2"":true},""complete"":""1"",""r2"":""1""}",127.0.0.1
"2018-01-16 06:47:34",vk.1504454244364.72918894148683,9sck10k2qlkud5a95rq6q6mu36,"{""format"":""json"",""q"":{""1"":-1,""2"":1},""w"":{""2"":true},""complete"":""1"",""r2"":""1""}",127.0.0.1
